Area,Year,Population,Violent_Crime_Count,Violent_Crime_Rate,Murder_Count,Murder_Rate,Rape_Revised_Count,Rape_Revised_Rate,Rape_Legacy_Count,Rape_Legacy_Rate,Robbery_Count,Robbery_Rate,Aggravated_Assault_Count,Aggravated_Assault_Rate,Property_Crime_Count,Property_Crime_Rate,Burglary_Count,Burglary_Rate,Larceny_Theft_Count,Larceny_Theft_Rate,Motor_Vehicle_Theft_Count,Motor_Vehicle_Theft_Rate,Row_Type
United States Total,2015.0,320896618.0,1234183.0,384.6,15883.0,4.9,126134.0,39.3,91261.0,28.4,328109.0,102.2,764057.0,238.1,8024115.0,2500.5,1587564.0,494.7,5723488.0,1783.6,713063.0,222.2,Yearly
United States Total,2016.0,323127513.0,1283058.0,397.1,17250.0,5.3,130603.0,40.4,95730.0,29.6,332198.0,102.8,803007.0,248.5,7919035.0,2450.7,1515096.0,468.9,5638455.0,1745.0,765484.0,236.9,Yearly
United States Total,,,4.0,3.2,8.6,7.9,3.5,2.8,4.9,4.2,1.2,0.5,5.1,4.4,-1.3,-2.0,-4.6,-5.2,-1.5,-2.2,7.4,6.6,Percent_Change
Northeast,2015.0,56184737.0,180474.0,321.2,1967.0,3.5,16415.0,29.2,11912.0,21.2,56202.0,100.0,105890.0,188.5,951940.0,1694.3,157910.0,281.1,737087.0,1311.9,56943.0,101.3,Yearly
Northeast,2016.0,56209510.0,178244.0,317.1,1955.0,3.5,16651.0,29.6,12219.0,21.7,53033.0,94.3,106605.0,189.7,909897.0,1618.8,142720.0,253.9,709721.0,1262.6,57456.0,102.2,Yearly
Northeast,,,-1.2,-1.3,-0.6,-0.7,1.4,1.4,2.6,2.5,-5.6,-5.7,0.7,0.6,-4.4,-4.5,-9.6,-9.7,-3.7,-3.8,0.9,0.9,Percent_Change
New England,2015.0,14710229.0,42121.0,286.3,326.0,2.2,4602.0,31.3,3374.0,22.9,9629.0,65.5,27564.0,187.4,257073.0,1747.6,46260.0,314.5,193051.0,1312.4,17762.0,120.7,Yearly
New England,2016.0,14735525.0,41598.0,282.3,292.0,2.0,4505.0,30.6,3328.0,22.6,9407.0,63.8,27394.0,185.9,243769.0,1654.3,42095.0,285.7,182985.0,1241.8,18689.0,126.8,Yearly
New England,,,-1.2,-1.4,-10.4,-10.6,-2.1,-2.3,-1.4,-1.5,-2.3,-2.5,-0.6,-0.8,-5.2,-5.3,-9.0,-9.2,-5.2,-5.4,5.2,5.0,Percent_Change
Connecticut,2015.0,3584730.0,7938.0,221.4,116.0,3.2,798.0,22.3,585.0,16.3,2925.0,81.6,4099.0,114.3,65610.0,1830.3,10286.0,286.9,48898.0,1364.1,6426.0,179.3,Yearly
Connecticut,2016.0,3576452.0,8123.0,227.1,78.0,2.2,763.0,21.3,561.0,15.7,2703.0,75.6,4579.0,128.0,64664.0,1808.0,10045.0,280.9,47512.0,1328.5,7107.0,198.7,Yearly
Connecticut,,,2.3,2.6,-32.8,-32.6,-4.4,-4.2,-4.1,-3.9,-7.6,-7.4,11.7,12.0,-1.4,-1.2,-2.3,-2.1,-2.8,-2.6,10.6,10.9,Percent_Change
Maine,2015.0,1329453.0,1726.0,129.8,23.0,1.7,461.0,34.7,337.0,25.3,311.0,23.4,931.0,70.0,24361.0,1832.4,4694.0,353.1,18853.0,1418.1,814.0,61.2,Yearly
Maine,2016.0,1331479.0,1648.0,123.8,20.0,1.5,412.0,30.9,300.0,22.5,266.0,20.0,950.0,71.3,21912.0,1645.7,4003.0,300.6,17134.0,1286.8,775.0,58.2,Yearly
Maine,,,-4.5,-4.7,-13.0,-13.2,-10.6,-10.8,-11.0,-11.1,-14.5,-14.6,2.0,1.9,-10.1,-10.2,-14.7,-14.9,-9.1,-9.3,-4.8,-4.9,Percent_Change
Massachusetts,2015.0,6784240.0,26453.0,389.9,131.0,1.9,2082.0,30.7,1538.0,22.7,5266.0,77.6,18974.0,279.7,114547.0,1688.4,21826.0,321.7,84676.0,1248.1,8045.0,118.6,Yearly
Massachusetts,2016.0,6811779.0,25677.0,376.9,134.0,2.0,2128.0,31.2,1592.0,23.4,5365.0,78.8,18050.0,265.0,106339.0,1561.1,19193.0,281.8,79088.0,1161.0,8058.0,118.3,Yearly
Massachusetts,,,-2.9,-3.3,2.3,1.9,2.2,1.8,3.5,3.1,1.9,1.5,-4.9,-5.3,-7.2,-7.5,-12.1,-12.4,-6.6,-7.0,0.2,-0.2,Percent_Change
New Hampshire,2015.0,1330111.0,2692.0,202.4,15.0,1.1,644.0,48.4,468.0,35.2,475.0,35.7,1558.0,117.1,23453.0,1763.2,3482.0,261.8,19076.0,1434.2,895.0,67.3,Yearly
New Hampshire,2016.0,1334795.0,2637.0,197.6,17.0,1.3,582.0,43.6,423.0,31.7,427.0,32.0,1611.0,120.7,20194.0,1512.9,2963.0,222.0,16360.0,1225.7,871.0,65.3,Yearly
New Hampshire,,,-2.0,-2.4,13.3,12.9,-9.6,-9.9,-9.6,-9.9,-10.1,-10.4,3.4,3.0,-13.9,-14.2,-14.9,-15.2,-14.2,-14.5,-2.7,-3.0,Percent_Change
Rhode Island,2015.0,1055607.0,2565.0,243.0,31.0,2.9,467.0,44.2,342.0,32.4,547.0,51.8,1520.0,144.0,20038.0,1898.2,3938.0,373.1,14714.0,1393.9,1386.0,131.3,Yearly
Rhode Island,2016.0,1056426.0,2524.0,238.9,29.0,2.7,442.0,41.8,328.0,31.0,540.0,51.1,1513.0,143.2,20058.0,1898.7,3788.0,358.6,14674.0,1389.0,1596.0,151.1,Yearly
Rhode Island,,,-1.6,-1.7,-6.5,-6.5,-5.4,-5.4,-4.1,-4.2,-1.3,-1.4,-0.5,-0.5,0.1,,-3.8,-3.9,-0.3,-0.3,15.2,15.1,Percent_Change
Vermont,2015.0,626088.0,747.0,119.3,10.0,1.6,150.0,24.0,104.0,16.6,105.0,16.8,482.0,77.0,9064.0,1447.7,2034.0,324.9,6834.0,1091.5,196.0,31.3,Yearly
Vermont,2016.0,624594.0,989.0,158.3,14.0,2.2,178.0,28.5,124.0,19.9,106.0,17.0,691.0,110.6,10602.0,1697.4,2103.0,336.7,8217.0,1315.6,282.0,45.1,Yearly
Vermont,,,32.4,32.7,40.0,40.3,18.7,19.0,19.2,19.5,1.0,1.2,43.4,43.7,17.0,17.2,3.4,3.6,20.2,20.5,43.9,44.2,Percent_Change
Middle Atlantic,2015.0,41474508.0,138353.0,333.6,1641.0,4.0,11813.0,28.5,8538.0,20.6,46573.0,112.3,78326.0,188.9,694867.0,1675.4,111650.0,269.2,544036.0,1311.7,39181.0,94.5,Yearly
Middle Atlantic,2016.0,41473985.0,136646.0,329.5,1663.0,4.0,12146.0,29.3,8891.0,21.4,43626.0,105.2,79211.0,191.0,666128.0,1606.1,100625.0,242.6,526736.0,1270.0,38767.0,93.5,Yearly
Middle Atlantic,,,-1.2,-1.2,1.3,1.3,2.8,2.8,4.1,4.1,-6.3,-6.3,1.1,1.1,-4.1,-4.1,-9.9,-9.9,-3.2,-3.2,-1.1,-1.1,Percent_Change
New Jersey,2015.0,8935421.0,22879.0,256.0,363.0,4.1,1373.0,15.4,1019.0,11.4,9729.0,108.9,11414.0,127.7,145701.0,1630.6,27960.0,312.9,105963.0,1185.9,11778.0,131.8,Yearly
New Jersey,2016.0,8944469.0,21914.0,245.0,372.0,4.2,1453.0,16.2,1089.0,12.2,8984.0,100.4,11105.0,124.2,138152.0,1544.6,25284.0,282.7,101540.0,1135.2,11328.0,126.6,Yearly
New Jersey,,,-4.2,-4.3,2.5,2.4,5.8,5.7,6.9,6.8,-7.7,-7.8,-2.7,-2.8,-5.2,-5.3,-9.6,-9.7,-4.2,-4.3,-3.8,-3.9,Percent_Change
New York,2015.0,19747183.0,75126.0,380.4,613.0,3.1,6141.0,31.1,4414.0,22.4,23879.0,120.9,44493.0,225.3,317225.0,1606.4,44117.0,223.4,257837.0,1305.7,15271.0,77.3,Yearly
New York,2016.0,19745289.0,74285.0,376.2,630.0,3.2,6260.0,31.7,4569.0,23.1,22316.0,113.0,45079.0,228.3,305181.0,1545.6,39821.0,201.7,250968.0,1271.0,14392.0,72.9,Yearly
New York,,,-1.1,-1.1,2.8,2.8,1.9,1.9,3.5,3.5,-6.5,-6.5,1.3,1.3,-3.8,-3.8,-9.7,-9.7,-2.7,-2.7,-5.8,-5.7,Percent_Change
Pennsylvania,2015.0,12791904.0,40348.0,315.4,665.0,5.2,4299.0,33.6,3105.0,24.3,12965.0,101.4,22419.0,175.3,231941.0,1813.2,39573.0,309.4,180236.0,1409.0,12132.0,94.8,Yearly
Pennsylvania,2016.0,12784227.0,40447.0,316.4,661.0,5.2,4433.0,34.7,3233.0,25.3,12326.0,96.4,23027.0,180.1,222795.0,1742.7,35520.0,277.8,174228.0,1362.8,13047.0,102.1,Yearly
Pennsylvania,,,0.2,0.3,-0.6,-0.5,3.1,3.2,4.1,4.2,-4.9,-4.9,2.7,2.8,-3.9,-3.9,-10.2,-10.2,-3.3,-3.3,7.5,7.6,Percent_Change
Midwest,2015.0,67838387.0,242893.0,358.0,3422.0,5.0,30827.0,45.4,22395.0,33.0,62201.0,91.7,146443.0,215.9,1555516.0,2293.0,307853.0,453.8,1125935.0,1659.7,121728.0,179.4,Yearly
Midwest,2016.0,67941429.0,257109.0,378.4,3885.0,5.7,31408.0,46.2,23080.0,34.0,64022.0,94.2,157794.0,232.3,1544531.0,2273.3,300359.0,442.1,1112596.0,1637.6,131576.0,193.7,Yearly
Midwest,,,5.9,5.7,13.5,13.4,1.9,1.7,3.1,2.9,2.9,2.8,7.8,7.6,-0.7,-0.9,-2.4,-2.6,-1.2,-1.3,8.1,7.9,Percent_Change
East North Central,2015.0,46742511.0,168762.0,361.0,2471.0,5.3,21268.0,45.5,15455.0,33.1,47806.0,102.3,97217.0,208.0,1037945.0,2220.6,211221.0,451.9,748309.0,1600.9,78415.0,167.8,Yearly
East North Central,2016.0,46755973.0,180827.0,386.7,2974.0,6.4,22102.0,47.3,16199.0,34.6,49506.0,105.9,106245.0,227.2,1034762.0,2213.1,207962.0,444.8,742358.0,1587.7,84442.0,180.6,Yearly
East North Central,,,7.1,7.1,20.4,20.3,3.9,3.9,4.8,4.8,3.6,3.5,9.3,9.3,-0.3,-0.3,-1.5,-1.6,-0.8,-0.8,7.7,7.7,Percent_Change
Illinois,2015.0,12839047.0,49755.0,387.5,754.0,5.9,4926.0,38.4,3602.0,28.1,15056.0,117.3,29019.0,226.0,256962.0,2001.4,46846.0,364.9,192424.0,1498.7,17692.0,137.8,Yearly
Illinois,2016.0,12801539.0,55854.0,436.3,1054.0,8.2,4908.0,38.3,3635.0,28.4,17827.0,139.3,32065.0,250.5,262306.0,2049.0,47989.0,374.9,194407.0,1518.6,19910.0,155.5,Yearly
Illinois,,,12.3,12.6,39.8,40.2,-0.4,-0.1,0.9,1.2,18.4,18.8,10.5,10.8,2.1,2.4,2.4,2.7,1.0,1.3,12.5,12.9,Percent_Change
Indiana,2015.0,6612768.0,25373.0,383.7,370.0,5.6,2386.0,36.1,1757.0,26.6,7081.0,107.1,15536.0,234.9,171878.0,2599.2,34404.0,520.3,123940.0,1874.3,13534.0,204.7,Yearly
Indiana,2016.0,6633053.0,26845.0,404.7,439.0,6.6,2501.0,37.7,1851.0,27.9,7330.0,110.5,16575.0,249.9,171759.0,2589.4,34097.0,514.0,122931.0,1853.3,14731.0,222.1,Yearly
Indiana,,,5.8,5.5,18.6,18.3,4.8,4.5,5.4,5.0,3.5,3.2,6.7,6.4,-0.1,-0.4,-0.9,-1.2,-0.8,-1.1,8.8,8.5,Percent_Change
Michigan,2015.0,9917715.0,41712.0,420.6,585.0,5.9,6710.0,67.7,4782.0,48.2,7818.0,78.8,26599.0,268.2,191191.0,1927.8,40375.0,407.1,132019.0,1331.1,18797.0,189.5,Yearly
Michigan,2016.0,9928300.0,45572.0,459.0,598.0,6.0,7125.0,71.8,5114.0,51.5,7120.0,71.7,30729.0,309.5,189620.0,1909.9,39568.0,398.5,129876.0,1308.1,20176.0,203.2,Yearly
Michigan,,,9.3,9.1,2.2,2.1,6.2,6.1,6.9,6.8,-8.9,-9.0,15.5,15.4,-0.8,-0.9,-2.0,-2.1,-1.6,-1.7,7.3,7.2,Percent_Change
Ohio,2015.0,11605090.0,34373.0,296.2,522.0,4.5,5441.0,46.9,3990.0,34.4,12617.0,108.7,15793.0,136.1,303743.0,2617.3,69994.0,603.1,216354.0,1864.3,17395.0,149.9,Yearly
Ohio,2016.0,11614373.0,34877.0,300.3,654.0,5.6,5589.0,48.1,4141.0,35.7,12523.0,107.8,16111.0,138.7,299357.0,2577.5,66883.0,575.9,212807.0,1832.3,19667.0,169.3,Yearly
Ohio,,,1.5,1.4,25.3,25.2,2.7,2.6,3.8,3.7,-0.7,-0.8,2.0,1.9,-1.4,-1.5,-4.4,-4.5,-1.6,-1.7,13.1,13.0,Percent_Change
Wisconsin,2015.0,5767891.0,17549.0,304.3,240.0,4.2,1805.0,31.3,1324.0,23.0,5234.0,90.7,10270.0,178.1,114171.0,1979.4,19602.0,339.8,83572.0,1448.9,10997.0,190.7,Yearly
Wisconsin,2016.0,5778708.0,17679.0,305.9,229.0,4.0,1979.0,34.2,1458.0,25.2,4706.0,81.4,10765.0,186.3,111720.0,1933.3,19425.0,336.1,82337.0,1424.8,9958.0,172.3,Yearly
Wisconsin,,,0.7,0.6,-4.6,-4.8,9.6,9.4,10.1,9.9,-10.1,-10.3,4.8,4.6,-2.1,-2.3,-0.9,-1.1,-1.5,-1.7,-9.4,-9.6,Percent_Change
West North Central,2015.0,21095876.0,74131.0,351.4,951.0,4.5,9559.0,45.3,6940.0,32.9,14395.0,68.2,49226.0,233.3,517571.0,2453.4,96632.0,458.1,377626.0,1790.0,43313.0,205.3,Yearly
West North Central,2016.0,21185456.0,76282.0,360.1,911.0,4.3,9306.0,43.9,6881.0,32.5,14516.0,68.5,51549.0,243.3,509769.0,2406.2,92397.0,436.1,370238.0,1747.6,47134.0,222.5,Yearly
West North Central,,,2.9,2.5,-4.2,-4.6,-2.6,-3.1,-0.9,-1.3,0.8,0.4,4.7,4.3,-1.5,-1.9,-4.4,-4.8,-2.0,-2.4,8.8,8.4,Percent_Change
Iowa,2015.0,3121997.0,8619.0,276.1,73.0,2.3,1205.0,38.6,877.0,28.1,1050.0,33.6,6291.0,201.5,64688.0,2072.0,14977.0,479.7,45328.0,1451.9,4383.0,140.4,Yearly
Iowa,2016.0,3134693.0,9110.0,290.6,71.0,2.3,1247.0,39.8,922.0,29.4,1148.0,36.6,6644.0,212.0,65391.0,2086.0,15030.0,479.5,45378.0,1447.6,4983.0,159.0,Yearly
Iowa,,,5.7,5.3,-2.7,-3.1,3.5,3.1,5.1,4.7,9.3,8.9,5.6,5.2,1.1,0.7,0.4,-0.1,0.1,-0.3,13.7,13.2,Percent_Change
Kansas,2015.0,2906721.0,11483.0,395.0,126.0,4.3,1684.0,57.9,1226.0,42.2,1823.0,62.7,7850.0,270.1,80059.0,2754.3,15619.0,537.3,57435.0,1975.9,7005.0,241.0,Yearly
Kansas,2016.0,2907289.0,11060.0,380.4,111.0,3.8,1312.0,45.1,971.0,33.4,1671.0,57.5,7966.0,274.0,78367.0,2695.5,14364.0,494.1,57066.0,1962.9,6937.0,238.6,Yearly
Kansas,,,-3.7,-3.7,-11.9,-11.9,-22.1,-22.1,-20.8,-20.8,-8.3,-8.4,1.5,1.5,-2.1,-2.1,-8.0,-8.1,-0.6,-0.7,-1.0,-1.0,Percent_Change
Minnesota,2015.0,5482435.0,13319.0,242.9,133.0,2.4,2321.0,42.3,1679.0,30.6,3771.0,68.8,7094.0,129.4,121984.0,2225.0,19299.0,352.0,94704.0,1727.4,7981.0,145.6,Yearly
Minnesota,2016.0,5519952.0,13394.0,242.6,101.0,1.8,2348.0,42.5,1731.0,31.4,3728.0,67.5,7217.0,130.7,117756.0,2133.3,18606.0,337.1,90422.0,1638.1,8728.0,158.1,Yearly
Minnesota,,,0.6,-0.1,-24.1,-24.6,1.2,0.5,3.1,2.4,-1.1,-1.8,1.7,1.0,-3.5,-4.1,-3.6,-4.2,-4.5,-5.2,9.4,8.6,Percent_Change
Missouri,2015.0,6076204.0,30292.0,498.5,503.0,8.3,2573.0,42.3,1858.0,30.6,6383.0,105.0,20833.0,342.9,173788.0,2860.1,34029.0,560.0,122749.0,2020.2,17010.0,279.9,Yearly
Missouri,2016.0,6093000.0,31644.0,519.4,537.0,8.8,2554.0,41.9,1884.0,30.9,6570.0,107.8,21983.0,360.8,170549.0,2799.1,31710.0,520.4,120544.0,1978.4,18295.0,300.3,Yearly
Missouri,,,4.5,4.2,6.8,6.5,-0.7,-1.0,1.4,1.1,2.9,2.6,5.5,5.2,-1.9,-2.1,-6.8,-7.1,-1.8,-2.1,7.6,7.3,Percent_Change
Nebraska,2015.0,1893765.0,5167.0,272.8,62.0,3.3,885.0,46.7,648.0,34.2,994.0,52.5,3226.0,170.3,42597.0,2249.3,6443.0,340.2,32148.0,1697.6,4006.0,211.5,Yearly
Nebraska,2016.0,1907116.0,5550.0,291.0,49.0,2.6,994.0,52.1,738.0,38.7,946.0,49.6,3561.0,186.7,43163.0,2263.3,6444.0,337.9,31994.0,1677.6,4725.0,247.8,Yearly
Nebraska,,,7.4,6.7,-21.0,-21.5,12.3,11.5,13.9,13.1,-4.8,-5.5,10.4,9.6,1.3,0.6,,-0.7,-0.5,-1.2,17.9,17.1,Percent_Change
North Dakota,2015.0,756835.0,1949.0,257.5,21.0,2.8,391.0,51.7,285.0,37.7,159.0,21.0,1378.0,182.1,17716.0,2340.8,3296.0,435.5,12686.0,1676.2,1734.0,229.1,Yearly
North Dakota,2016.0,757952.0,1903.0,251.1,15.0,2.0,342.0,45.1,256.0,33.8,181.0,23.9,1365.0,180.1,17402.0,2295.9,3243.0,427.9,12195.0,1608.9,1964.0,259.1,Yearly
North Dakota,,,-2.4,-2.5,-28.6,-28.7,-12.5,-12.7,-10.2,-10.3,13.8,13.7,-0.9,-1.1,-1.8,-1.9,-1.6,-1.8,-3.9,-4.0,13.3,13.1,Percent_Change
South Dakota,2015.0,857919.0,3302.0,384.9,33.0,3.8,500.0,58.3,367.0,42.8,215.0,25.1,2554.0,297.7,16739.0,1951.1,2969.0,346.1,12576.0,1465.9,1194.0,139.2,Yearly
South Dakota,2016.0,865454.0,3621.0,418.4,27.0,3.1,509.0,58.8,379.0,43.8,272.0,31.4,2813.0,325.0,17141.0,1980.6,3000.0,346.6,12639.0,1460.4,1502.0,173.6,Yearly
South Dakota,,,9.7,8.7,-18.2,-18.9,1.8,0.9,3.3,2.4,26.5,25.4,10.1,9.2,2.4,1.5,1.0,0.2,0.5,-0.4,25.8,24.7,Percent_Change
South,2015.0,121039206.0,509043.0,420.6,7300.0,6.0,47277.0,39.1,33960.0,28.1,127149.0,105.0,327317.0,270.4,3393611.0,2803.7,719098.0,594.1,2422679.0,2001.6,251834.0,208.1,Yearly
South,2016.0,122319574.0,526999.0,430.8,7961.0,6.5,49246.0,40.3,35869.0,29.3,128842.0,105.3,340950.0,278.7,3343799.0,2733.7,684968.0,560.0,2391288.0,1955.0,267543.0,218.7,Yearly
South,,,3.5,2.4,9.1,7.9,4.2,3.1,5.6,4.5,1.3,0.3,4.2,3.1,-1.5,-2.5,-4.7,-5.7,-1.3,-2.3,6.2,5.1,Percent_Change
South Atlantic,2015.0,63192408.0,256283.0,405.6,3824.0,6.1,21620.0,34.2,15433.0,24.4,66792.0,105.7,164047.0,259.6,1721061.0,2723.5,352328.0,557.5,1246078.0,1971.9,122655.0,194.1,Yearly
South Atlantic,2016.0,63923309.0,258672.0,404.7,4077.0,6.4,22333.0,34.9,16174.0,25.3,66402.0,103.9,165860.0,259.5,1692669.0,2648.0,330122.0,516.4,1234761.0,1931.6,127786.0,199.9,Yearly
South Atlantic,,,0.9,-0.2,6.6,5.4,3.3,2.1,4.8,3.6,-0.6,-1.7,1.1,-0.1,-1.6,-2.8,-6.3,-7.4,-0.9,-2.0,4.2,3.0,Percent_Change
Delaware,2015.0,944076.0,4760.0,504.2,62.0,6.6,361.0,38.2,257.0,27.2,1240.0,131.3,3097.0,328.0,25545.0,2705.8,4797.0,508.1,19555.0,2071.3,1193.0,126.4,Yearly
Delaware,2016.0,952065.0,4844.0,508.8,56.0,5.9,308.0,32.4,221.0,23.2,1359.0,142.7,3121.0,327.8,26334.0,2766.0,5023.0,527.6,19791.0,2078.7,1520.0,159.7,Yearly
Delaware,,,1.8,0.9,-9.7,-10.4,-14.7,-15.4,-14.0,-14.7,9.6,8.7,0.8,-0.1,3.1,2.2,4.7,3.8,1.2,0.4,27.4,26.3,Percent_Change
District of Columbia,2015.0,670377.0,8538.0,1273.6,162.0,24.2,494.0,73.7,365.0,54.4,3746.0,558.8,4136.0,617.0,31444.0,4690.5,2971.0,443.2,25208.0,3760.3,3265.0,487.0,Yearly
District of Columbia,2016.0,681170.0,8214.0,1205.9,139.0,20.4,532.0,78.1,401.0,58.9,3480.0,510.9,4063.0,596.5,32716.0,4802.9,2361.0,346.6,27382.0,4019.8,2973.0,436.5,Yearly
District of Columbia,,,-3.8,-5.3,-14.2,-15.6,7.7,6.0,9.9,8.1,-7.1,-8.6,-1.8,-3.3,4.0,2.4,-20.5,-21.8,8.6,6.9,-8.9,-10.4,Percent_Change
Florida,2015.0,20244914.0,93625.0,462.5,1041.0,5.1,7552.0,37.3,5396.0,26.7,21137.0,104.4,63895.0,315.6,570270.0,2816.9,109268.0,539.7,420341.0,2076.3,40661.0,200.8,Yearly
Florida,2016.0,20612439.0,88700.0,430.3,1111.0,5.4,7598.0,36.9,5528.0,26.8,20175.0,97.9,59816.0,290.2,553812.0,2686.8,100325.0,486.7,410352.0,1990.8,43135.0,209.3,Yearly
Florida,,,-5.3,-6.9,6.7,4.8,0.6,-1.2,2.4,0.6,-4.6,-6.3,-6.4,-8.1,-2.9,-4.6,-8.2,-9.8,-2.4,-4.1,6.1,4.2,Percent_Change
Georgia,2015.0,10199398.0,38891.0,381.3,622.0,6.1,3257.0,31.9,2343.0,23.0,12545.0,123.0,22467.0,220.3,316013.0,3098.3,68149.0,668.2,220715.0,2164.0,27149.0,266.2,Yearly
Georgia,2016.0,10310371.0,40990.0,397.6,681.0,6.6,3509.0,34.0,2528.0,24.5,12205.0,118.4,24595.0,238.5,309770.0,3004.5,63344.0,614.4,219625.0,2130.1,26801.0,259.9,Yearly
Georgia,,,5.4,4.3,9.5,8.3,7.7,6.6,7.9,6.7,-2.7,-3.8,9.5,8.3,-2.0,-3.0,-7.1,-8.1,-0.5,-1.6,-1.3,-2.3,Percent_Change
Maryland,2015.0,5994983.0,28185.0,470.1,538.0,9.0,1717.0,28.6,1209.0,20.2,10111.0,168.7,15819.0,263.9,142547.0,2377.8,26432.0,440.9,102701.0,1713.1,13414.0,223.8,Yearly
Maryland,2016.0,6016447.0,28400.0,472.0,481.0,8.0,1756.0,29.2,1266.0,21.0,10289.0,171.0,15874.0,263.8,137445.0,2284.5,24692.0,410.4,100919.0,1677.4,11834.0,196.7,Yearly
Maryland,,,0.8,0.4,-10.6,-10.9,2.3,1.9,4.7,4.3,1.8,1.4,0.3,,-3.6,-3.9,-6.6,-6.9,-1.7,-2.1,-11.8,-12.1,Percent_Change
North Carolina,2015.0,10035186.0,34734.0,346.1,517.0,5.2,2591.0,25.8,1886.0,18.8,8821.0,87.9,22805.0,227.3,275915.0,2749.5,74760.0,745.0,187732.0,1870.7,13423.0,133.8,Yearly
North Carolina,2016.0,10146788.0,37769.0,372.2,678.0,6.7,2849.0,28.1,2086.0,20.6,9336.0,92.0,24906.0,245.5,277765.0,2737.5,72082.0,710.4,190377.0,1876.2,15306.0,150.8,Yearly
North Carolina,,,8.7,7.5,31.1,29.7,10.0,8.7,10.6,9.4,5.8,4.7,9.2,8.0,0.7,-0.4,-3.6,-4.6,1.4,0.3,14.0,12.8,Percent_Change
South Carolina,2015.0,4894834.0,24448.0,499.5,407.0,8.3,2439.0,49.8,1717.0,35.1,3950.0,80.7,17652.0,360.6,162830.0,3326.6,34942.0,713.9,114778.0,2344.9,13110.0,267.8,Yearly
South Carolina,2016.0,4961119.0,24896.0,501.8,366.0,7.4,2387.0,48.1,1711.0,34.5,4035.0,81.3,18108.0,365.0,160928.0,3243.8,32976.0,664.7,114032.0,2298.5,13920.0,280.6,Yearly
South Carolina,,,1.8,0.5,-10.1,-11.3,-2.1,-3.4,-0.3,-1.7,2.2,0.8,2.6,1.2,-1.2,-2.5,-5.6,-6.9,-0.6,-2.0,6.2,4.8,Percent_Change
Virginia,2015.0,8367587.0,16705.0,199.6,390.0,4.7,2499.0,29.9,1767.0,21.1,4459.0,53.3,9357.0,111.8,157803.0,1885.9,21542.0,257.4,128064.0,1530.5,8197.0,98.0,Yearly
Virginia,2016.0,8411808.0,18302.0,217.6,484.0,5.8,2737.0,32.5,1965.0,23.4,4803.0,57.1,10278.0,122.2,156412.0,1859.4,20018.0,238.0,126606.0,1505.1,9788.0,116.4,Yearly
Virginia,,,9.6,9.0,24.1,23.5,9.5,8.9,11.2,10.6,7.7,7.1,9.8,9.3,-0.9,-1.4,-7.1,-7.6,-1.1,-1.7,19.4,18.8,Percent_Change
West Virginia,2015.0,1841053.0,6397.0,347.5,85.0,4.6,710.0,38.6,493.0,26.8,783.0,42.5,4819.0,261.8,38694.0,2101.7,9467.0,514.2,26984.0,1465.7,2243.0,121.8,Yearly
West Virginia,2016.0,1831102.0,6557.0,358.1,81.0,4.4,657.0,35.9,468.0,25.6,720.0,39.3,5099.0,278.5,37487.0,2047.2,9301.0,507.9,25677.0,1402.3,2509.0,137.0,Yearly
West Virginia,,,2.5,3.1,-4.7,-4.2,-7.5,-7.0,-5.1,-4.6,-8.0,-7.5,5.8,6.4,-3.1,-2.6,-1.8,-1.2,-4.8,-4.3,11.9,12.5,Percent_Change
East South Central,2015.0,18862932.0,81850.0,433.9,1238.0,6.6,7640.0,40.5,5497.0,29.1,17737.0,94.0,55235.0,292.8,524162.0,2778.8,126612.0,671.2,362030.0,1919.3,35520.0,188.3,Yearly
East South Central,2016.0,18940194.0,86674.0,457.6,1391.0,7.3,7548.0,39.9,5455.0,28.8,18265.0,96.4,59470.0,314.0,513087.0,2709.0,118565.0,626.0,353470.0,1866.2,41052.0,216.7,Yearly
East South Central,,,5.9,5.5,12.4,11.9,-1.2,-1.6,-0.8,-1.2,3.0,2.6,7.7,7.2,-2.1,-2.5,-6.4,-6.7,-2.4,-2.8,15.6,15.1,Percent_Change
Alabama,2015.0,4853875.0,22957.0,473.0,348.0,7.2,2037.0,42.0,1449.0,29.9,4612.0,95.0,15960.0,328.8,144785.0,2982.9,35265.0,726.5,99182.0,2043.4,10338.0,213.0,Yearly
Alabama,2016.0,4863300.0,25886.0,532.3,407.0,8.4,1916.0,39.4,1385.0,28.5,4686.0,96.4,18877.0,388.2,143362.0,2947.8,34065.0,700.5,97574.0,2006.3,11723.0,241.1,Yearly
Alabama,,,12.8,12.5,17.0,16.7,-5.9,-6.1,-4.4,-4.6,1.6,1.4,18.3,18.0,-1.0,-1.2,-3.4,-3.6,-1.6,-1.8,13.4,13.2,Percent_Change
Kentucky,2015.0,4424611.0,9887.0,223.5,219.0,4.9,1644.0,37.2,1165.0,26.3,3314.0,74.9,4710.0,106.5,97545.0,2204.6,22526.0,509.1,67143.0,1517.5,7876.0,178.0,Yearly
Kentucky,2016.0,4436974.0,10308.0,232.3,260.0,5.9,1641.0,37.0,1174.0,26.5,3369.0,75.9,5038.0,113.5,97158.0,2189.7,20834.0,469.6,66438.0,1497.4,9886.0,222.8,Yearly
Kentucky,,,4.3,4.0,18.7,18.4,-0.2,-0.5,0.8,0.5,1.7,1.4,7.0,6.7,-0.4,-0.7,-7.5,-7.8,-1.0,-1.3,25.5,25.2,Percent_Change
Mississippi,2015.0,2989390.0,8190.0,274.0,253.0,8.5,1158.0,38.7,851.0,28.5,2312.0,77.3,4467.0,149.4,85785.0,2869.6,25068.0,838.6,56446.0,1888.2,4271.0,142.9,Yearly
Mississippi,2016.0,2988726.0,8383.0,280.5,238.0,8.0,1277.0,42.7,905.0,30.3,2397.0,80.2,4471.0,149.6,82732.0,2768.1,23354.0,781.4,55054.0,1842.1,4324.0,144.7,Yearly
Mississippi,,,2.4,2.4,-5.9,-5.9,10.3,10.3,6.3,6.4,3.7,3.7,0.1,0.1,-3.6,-3.5,-6.8,-6.8,-2.5,-2.4,1.2,1.3,Percent_Change
Tennessee,2015.0,6595056.0,40816.0,618.9,418.0,6.3,2801.0,42.5,2032.0,30.8,7499.0,113.7,30098.0,456.4,196047.0,2972.6,43753.0,663.4,139259.0,2111.6,13035.0,197.6,Yearly
Tennessee,2016.0,6651194.0,42097.0,632.9,486.0,7.3,2714.0,40.8,1991.0,29.9,7813.0,117.5,31084.0,467.3,189835.0,2854.1,40312.0,606.1,134404.0,2020.7,15119.0,227.3,Yearly
Tennessee,,,3.1,2.3,16.3,15.3,-3.1,-3.9,-2.0,-2.8,4.2,3.3,3.3,2.4,-3.2,-4.0,-7.9,-8.6,-3.5,-4.3,16.0,15.0,Percent_Change
West South Central,2015.0,38983866.0,170910.0,438.4,2238.0,5.7,18017.0,46.2,13030.0,33.4,42620.0,109.3,108035.0,277.1,1148388.0,2945.8,240158.0,616.0,814571.0,2089.5,93659.0,240.3,Yearly
West South Central,2016.0,39456071.0,181653.0,460.4,2493.0,6.3,19365.0,49.1,14240.0,36.1,44175.0,112.0,115620.0,293.0,1138043.0,2884.3,236281.0,598.8,803057.0,2035.3,98705.0,250.2,Yearly
West South Central,,,6.3,5.0,11.4,10.1,7.5,6.2,9.3,8.0,3.6,2.4,7.0,5.7,-0.9,-2.1,-1.6,-2.8,-1.4,-2.6,5.4,4.1,Percent_Change
Arkansas,2015.0,2977853.0,15769.0,529.5,189.0,6.3,2008.0,67.4,1425.0,47.9,2117.0,71.1,11455.0,384.7,97391.0,3270.5,22851.0,767.4,68720.0,2307.7,5820.0,195.4,Yearly
Arkansas,2016.0,2988248.0,16461.0,550.9,216.0,7.2,2143.0,71.7,1545.0,51.7,2120.0,70.9,11982.0,401.0,97673.0,3268.6,23771.0,795.5,66747.0,2233.6,7155.0,239.4,Yearly
Arkansas,,,4.4,4.0,14.3,13.9,6.7,6.4,8.4,8.0,0.1,-0.2,4.6,4.2,0.3,-0.1,4.0,3.7,-2.9,-3.2,22.9,22.5,Percent_Change
Louisiana,2015.0,4668960.0,25202.0,539.8,492.0,10.5,1733.0,37.1,1246.0,26.7,5561.0,119.1,17416.0,373.0,157708.0,3377.8,35457.0,759.4,112520.0,2410.0,9731.0,208.4,Yearly
Louisiana,2016.0,4681666.0,26502.0,566.1,554.0,11.8,1816.0,38.8,1328.0,28.4,5576.0,119.1,18556.0,396.4,154386.0,3297.7,34667.0,740.5,109380.0,2336.3,10339.0,220.8,Yearly
Louisiana,,,5.2,4.9,12.6,12.3,4.8,4.5,6.6,6.3,0.3,,6.5,6.3,-2.1,-2.4,-2.2,-2.5,-2.8,-3.1,6.2,6.0,Percent_Change
Oklahoma,2015.0,3907414.0,16746.0,428.6,240.0,6.1,1953.0,50.0,1418.0,36.3,3018.0,77.2,11535.0,295.2,114055.0,2918.9,28783.0,736.6,74678.0,1911.2,10594.0,271.1,Yearly
Oklahoma,2016.0,3923561.0,17648.0,449.8,245.0,6.2,2039.0,52.0,1509.0,38.5,3162.0,80.6,12202.0,311.0,117037.0,2982.9,29103.0,741.7,75779.0,1931.4,12155.0,309.8,Yearly
Oklahoma,,,5.4,5.0,2.1,1.7,4.4,4.0,6.4,6.0,4.8,4.3,5.8,5.3,2.6,2.2,1.1,0.7,1.5,1.1,14.7,14.3,Percent_Change
Texas,2015.0,27429639.0,113193.0,412.7,1317.0,4.8,12323.0,44.9,8941.0,32.6,31924.0,116.4,67629.0,246.6,779234.0,2840.8,153067.0,558.0,558653.0,2036.7,67514.0,246.1,Yearly
Texas,2016.0,27862596.0,121042.0,434.4,1478.0,5.3,13367.0,48.0,9858.0,35.4,33317.0,119.6,72880.0,261.6,768947.0,2759.8,148740.0,533.8,551151.0,1978.1,69056.0,247.8,Yearly
Texas,,,6.9,5.3,12.2,10.5,8.5,6.8,10.3,8.5,4.4,2.7,7.8,6.1,-1.3,-2.9,-2.8,-4.3,-1.3,-2.9,2.3,0.7,Percent_Change
West,2015.0,75834288.0,301773.0,397.9,3194.0,4.2,31615.0,41.7,22994.0,30.3,82557.0,108.9,184407.0,243.2,2123048.0,2799.6,402703.0,531.0,1437787.0,1896.0,282558.0,372.6,Yearly
West,2016.0,76657000.0,320706.0,418.4,3449.0,4.5,33298.0,43.4,24562.0,32.0,86301.0,112.6,197658.0,257.8,2120808.0,2766.6,387049.0,504.9,1424850.0,1858.7,308909.0,403.0,Yearly
West,,,6.3,5.1,8.0,6.8,5.3,4.2,6.8,5.7,4.5,3.4,7.2,6.0,-0.1,-1.2,-3.9,-4.9,-0.9,-2.0,9.3,8.2,Percent_Change
Mountain,2015.0,23492558.0,94784.0,403.5,917.0,3.9,12938.0,55.1,9424.0,40.1,20236.0,86.1,60693.0,258.3,662713.0,2820.9,125323.0,533.5,470974.0,2004.8,66416.0,282.7,Yearly
Mountain,2016.0,23855067.0,102674.0,430.4,1124.0,4.7,13126.0,55.0,9689.0,40.6,21739.0,91.1,66685.0,279.5,675111.0,2830.1,122629.0,514.1,474519.0,1989.2,77963.0,326.8,Yearly
Mountain,,,8.3,6.7,22.6,20.7,1.5,-0.1,2.8,1.2,7.4,5.8,9.9,8.2,1.9,0.3,-2.1,-3.6,0.8,-0.8,17.4,15.6,Percent_Change
Arizona,2015.0,6817565.0,27968.0,410.2,306.0,4.5,3109.0,45.6,2268.0,33.3,6360.0,93.3,18193.0,266.9,207184.0,3039.0,38010.0,557.5,152388.0,2235.2,16786.0,246.2,Yearly
Arizona,2016.0,6931071.0,32583.0,470.1,380.0,5.5,3290.0,47.5,2452.0,35.4,7055.0,101.8,21858.0,315.4,206432.0,2978.4,37736.0,544.4,150275.0,2168.1,18421.0,265.8,Yearly
Arizona,,,16.5,14.6,24.2,22.1,5.8,4.1,8.1,6.3,10.9,9.1,20.1,18.2,-0.4,-2.0,-0.7,-2.3,-1.4,-3.0,9.7,7.9,Percent_Change
Colorado,2015.0,5448819.0,17348.0,318.4,173.0,3.2,3328.0,61.1,2422.0,44.4,3315.0,60.8,10532.0,193.3,144044.0,2643.6,23490.0,431.1,104532.0,1918.4,16022.0,294.0,Yearly
Colorado,2016.0,5540545.0,18983.0,342.6,204.0,3.7,3555.0,64.2,2619.0,47.3,3528.0,63.7,11696.0,211.1,151850.0,2740.7,23903.0,431.4,108336.0,1955.3,19611.0,354.0,Yearly
Colorado,,,9.4,7.6,17.9,16.0,6.8,5.1,8.1,6.3,6.4,4.7,11.1,9.2,5.4,3.7,1.8,0.1,3.6,1.9,22.4,20.4,Percent_Change
Idaho,2015.0,1652828.0,3593.0,217.4,32.0,1.9,703.0,42.5,508.0,30.7,191.0,11.6,2667.0,161.4,28912.0,1749.2,6124.0,370.5,20916.0,1265.5,1872.0,113.3,Yearly
Idaho,2016.0,1683140.0,3876.0,230.3,49.0,2.9,719.0,42.7,529.0,31.4,213.0,12.7,2895.0,172.0,29357.0,1744.2,6318.0,375.4,20962.0,1245.4,2077.0,123.4,Yearly
Idaho,,,7.9,5.9,53.1,50.4,2.3,0.4,4.1,2.3,11.5,9.5,8.5,6.6,1.5,-0.3,3.2,1.3,0.2,-1.6,11.0,9.0,Percent_Change
Montana,2015.0,1032073.0,3647.0,353.4,38.0,3.7,572.0,55.4,405.0,39.2,210.0,20.3,2827.0,273.9,27276.0,2642.8,3887.0,376.6,20966.0,2031.4,2423.0,234.8,Yearly
Montana,2016.0,1042520.0,3840.0,368.3,36.0,3.5,578.0,55.4,414.0,39.7,266.0,25.5,2960.0,283.9,27976.0,2683.5,3934.0,377.4,21299.0,2043.0,2743.0,263.1,Yearly
Montana,,,5.3,4.2,-5.3,-6.2,1.0,,2.2,1.2,26.7,25.4,4.7,3.7,2.6,1.5,1.2,0.2,1.6,0.6,13.2,12.1,Percent_Change
Nevada,2015.0,2883758.0,20118.0,697.6,178.0,6.2,1688.0,58.5,1232.0,42.7,6287.0,218.0,11965.0,414.9,77137.0,2674.9,22360.0,775.4,43426.0,1505.9,11351.0,393.6,Yearly
Nevada,2016.0,2940058.0,19936.0,678.1,224.0,7.6,1733.0,58.9,1292.0,43.9,6340.0,215.6,11639.0,395.9,76047.0,2586.6,18850.0,641.1,44017.0,1497.1,13180.0,448.3,Yearly
Nevada,,,-0.9,-2.8,25.8,23.4,2.7,0.7,4.9,2.9,0.8,-1.1,-2.7,-4.6,-1.4,-3.3,-15.7,-17.3,1.4,-0.6,16.1,13.9,Percent_Change
New Mexico,2015.0,2080328.0,13672.0,657.2,117.0,5.6,1663.0,79.9,1218.0,58.5,2485.0,119.5,9407.0,452.2,77212.0,3711.5,17084.0,821.2,51485.0,2474.9,8643.0,415.5,Yearly
New Mexico,2016.0,2081015.0,14619.0,702.5,139.0,6.7,1526.0,73.3,1117.0,53.7,2737.0,131.5,10217.0,491.0,81931.0,3937.1,17281.0,830.4,52907.0,2542.4,11743.0,564.3,Yearly
New Mexico,,,6.9,6.9,18.8,18.8,-8.2,-8.3,-8.3,-8.3,10.1,10.1,8.6,8.6,6.1,6.1,1.2,1.1,2.8,2.7,35.9,35.8,Percent_Change
Utah,2015.0,2990632.0,7138.0,238.7,57.0,1.9,1704.0,57.0,1247.0,41.7,1329.0,44.4,4048.0,135.4,89797.0,3002.6,12606.0,421.5,68464.0,2289.3,8727.0,291.8,Yearly
Utah,2016.0,3051217.0,7407.0,242.8,72.0,2.4,1520.0,49.8,1116.0,36.6,1541.0,50.5,4274.0,140.1,90058.0,2951.5,12836.0,420.7,67834.0,2223.2,9388.0,307.7,Yearly
Utah,,,3.8,1.7,26.3,23.8,-10.8,-12.6,-10.5,-12.3,16.0,13.6,5.6,3.5,0.3,-1.7,1.8,-0.2,-0.9,-2.9,7.6,5.4,Percent_Change
Wyoming,2015.0,586555.0,1300.0,221.6,16.0,2.7,171.0,29.2,124.0,21.1,59.0,10.1,1054.0,179.7,11151.0,1901.1,1762.0,300.4,8797.0,1499.8,592.0,100.9,Yearly
Wyoming,2016.0,585501.0,1430.0,244.2,20.0,3.4,205.0,35.0,150.0,25.6,59.0,10.1,1146.0,195.7,11460.0,1957.3,1771.0,302.5,8889.0,1518.2,800.0,136.6,Yearly
Wyoming,,,10.0,10.2,25.0,25.2,19.9,20.1,21.0,21.2,0.0,0.2,8.7,8.9,2.8,3.0,0.5,0.7,1.0,1.2,35.1,35.4,Percent_Change
Pacific,2015.0,52341730.0,206989.0,395.5,2277.0,4.4,18677.0,35.7,13570.0,25.9,62321.0,119.1,123714.0,236.4,1460335.0,2790.0,277380.0,529.9,966813.0,1847.1,216142.0,412.9,Yearly
Pacific,2016.0,52801933.0,218032.0,412.9,2325.0,4.4,20172.0,38.2,14873.0,28.2,64562.0,122.3,130973.0,248.0,1445697.0,2738.0,264420.0,500.8,950331.0,1799.8,230946.0,437.4,Yearly
Pacific,,,5.3,4.4,2.1,1.2,8.0,7.1,9.6,8.6,3.6,2.7,5.9,4.9,-1.0,-1.9,-4.7,-5.5,-1.7,-2.6,6.8,5.9,Percent_Change
Alaska,2015.0,737709.0,5391.0,730.8,59.0,8.0,900.0,122.0,648.0,87.8,761.0,103.2,3671.0,497.6,20806.0,2820.4,3511.0,475.9,15249.0,2067.1,2046.0,277.3,Yearly
Alaska,2016.0,741894.0,5966.0,804.2,52.0,7.0,1053.0,141.9,757.0,102.0,850.0,114.6,4011.0,540.6,24876.0,3353.0,4053.0,546.3,17766.0,2394.7,3057.0,412.1,Yearly
Alaska,,,10.7,10.0,-11.9,-12.4,17.0,16.3,16.8,16.2,11.7,11.1,9.3,8.6,19.6,18.9,15.4,14.8,16.5,15.8,49.4,48.6,Percent_Change
California,2015.0,38993940.0,166883.0,428.0,1861.0,4.8,12811.0,32.9,9341.0,24.0,52862.0,135.6,99349.0,254.8,1024914.0,2628.4,197404.0,506.2,656517.0,1683.6,170993.0,438.5,Yearly
California,2016.0,39250017.0,174796.0,445.3,1930.0,4.9,13702.0,34.9,10149.0,25.9,54789.0,139.6,104375.0,265.9,1002070.0,2553.0,188304.0,479.8,637010.0,1623.0,176756.0,450.3,Yearly
California,,,4.7,4.1,3.7,3.0,7.0,6.3,8.7,7.9,3.6,3.0,5.1,4.4,-2.2,-2.9,-4.6,-5.2,-3.0,-3.6,3.4,2.7,Percent_Change
Hawaii,2015.0,1425157.0,3530.0,247.7,29.0,2.0,538.0,37.8,382.0,26.8,1085.0,76.1,1878.0,131.8,45389.0,3184.8,6810.0,477.8,33140.0,2325.4,5439.0,381.6,Yearly
Hawaii,2016.0,1428557.0,4417.0,309.2,35.0,2.5,619.0,43.3,447.0,31.3,994.0,69.6,2769.0,193.8,42753.0,2992.7,6017.0,421.2,31082.0,2175.8,5654.0,395.8,Yearly
Hawaii,,,25.1,24.8,20.7,20.4,15.1,14.8,17.0,16.7,-8.4,-8.6,47.4,47.1,-5.8,-6.0,-11.6,-11.9,-6.2,-6.4,4.0,3.7,Percent_Change
Oregon,2015.0,4024634.0,10680.0,265.4,110.0,2.7,1650.0,41.0,1193.0,29.6,2163.0,53.7,6757.0,167.9,119752.0,2975.5,18541.0,460.7,90514.0,2249.0,10697.0,265.8,Yearly
Oregon,2016.0,4093465.0,10830.0,264.6,113.0,2.8,1721.0,42.0,1261.0,30.8,2278.0,55.6,6718.0,164.1,121345.0,2964.4,16866.0,412.0,91286.0,2230.0,13193.0,322.3,Yearly
Oregon,,,1.4,-0.3,2.7,1.0,4.3,2.5,5.7,3.9,5.3,3.5,-0.6,-2.2,1.3,-0.4,-9.0,-10.6,0.9,-0.8,23.3,21.3,Percent_Change
Washington,2015.0,7160290.0,20505.0,286.4,218.0,3.0,2778.0,38.8,2006.0,28.0,5450.0,76.1,12059.0,168.4,249474.0,3484.1,51114.0,713.9,171393.0,2393.7,26967.0,376.6,Yearly
Washington,2016.0,7288000.0,22023.0,302.2,195.0,2.7,3077.0,42.2,2259.0,31.0,5651.0,77.5,13100.0,179.7,254653.0,3494.1,49180.0,674.8,173187.0,2376.3,32286.0,443.0,Yearly
Washington,,,7.4,5.5,-10.6,-12.1,10.8,8.8,12.6,10.6,3.7,1.9,8.6,6.7,2.1,0.3,-3.8,-5.5,1.0,-0.7,19.7,17.6,Percent_Change
Puerto Rico,2015.0,3473181.0,7629.0,219.7,584.0,16.8,165.0,4.8,123.0,3.5,4070.0,117.2,2810.0,80.9,37717.0,1085.9,9150.0,263.4,24493.0,705.2,4074.0,117.3,Yearly
Puerto Rico,2016.0,3411307.0,7643.0,224.0,679.0,19.9,169.0,5.0,128.0,3.8,3201.0,93.8,3594.0,105.4,35201.0,1031.9,8251.0,241.9,23163.0,679.0,3787.0,111.0,Yearly
Puerto Rico,,,0.2,2.0,16.3,18.4,2.4,4.3,4.1,6.0,-21.4,-19.9,27.9,30.2,-6.7,-5.0,-9.8,-8.2,-5.4,-3.7,-7.0,-5.4,Percent_Change
